{
  "id": "a275b9bc-b117-4f0a-8da0-3f4d1f077f41",
  "name": "findNearestMall",
  "isOverridable": true,
  "entries": [
    {
      "value": "Find Closest Mall",
      "synonyms": [
        "Find Closest Mall"
      ]
    },
    {
      "value": "shopping mall",
      "synonyms": [
        "shopping mall"
      ]
    },
    {
      "value": "mall",
      "synonyms": [
        "mall"
      ]
    },
    {
      "value": "shopping mall.",
      "synonyms": [
        "shopping mall."
      ]
    }
  ],
  "isEnum": false,
  "automatedExpansion": false
}