{
  "id": "548f444e-f24f-448c-b72f-b3cab324aca2",
  "name": "upliftingVideo",
  "isOverridable": true,
  "entries": [
    {
      "value": "Uplifting Video",
      "synonyms": [
        "Uplifting Video"
      ]
    },
    {
      "value": "motivational video",
      "synonyms": [
        "motivational video"
      ]
    },
    {
      "value": "inspirational video",
      "synonyms": [
        "inspirational video"
      ]
    },
    {
      "value": "happy video",
      "synonyms": [
        "happy video"
      ]
    },
    {
      "value": "play uplifting video",
      "synonyms": [
        "play uplifting video"
      ]
    },
    {
      "value": "emotional video",
      "synonyms": [
        "emotional video"
      ]
    },
    {
      "value": "feel-good video",
      "synonyms": [
        "feel-good video"
      ]
    }
  ],
  "isEnum": false,
  "automatedExpansion": false
}